area,bedrooms,bathrooms,age,price
2498.16047538945,4,2,45,460027.67297886097
4802.857225639665,5,2,21,856657.9649235352
3927.9757672456203,3,1,26,639732.365843702
3394.6339367881465,5,1,48,565543.2672796233
1624.0745617697462,5,2,18,573006.8200174408
1623.9780813448106,4,1,44,368567.8676302481
1232.3344486727979,5,1,22,490069.1380992846
4464.704583099741,4,2,24,752810.9011979687
3404.4600469728352,2,1,27,537565.4445511475
3832.290311184182,2,3,42,535841.5364307568
1082.33797718321,4,3,15,489541.02632585895
4879.639408647978,2,3,36,669397.8255382203
4329.770563201687,3,3,32,665214.7039911854
1849.3564427131046,5,2,36,499022.1723861171
1727.2998688284024,3,2,43,337436.27180101955
1733.6180394137352,5,2,47,414835.10108293814
2216.968971838151,2,3,23,451473.3053216362
3099.0257265289515,3,3,45,506029.4564027945
2727.780074568463,2,1,17,501485.3735199184
2164.9165607921677,5,1,44,481828.93317838176
3447.411578889518,4,3,28,659383.1432584288
1557.9754426081672,4,3,39,403723.9646848872
2168.5785941408726,3,3,23,500692.6150146007
2465.4473731747667,2,3,29,473902.853517546
2824.2799368681435,2,1,34,430869.01190744765
4140.703845572054,3,3,49,573587.5115922993
1798.6951286334388,4,1,33,436469.6951218717
3056.9377536544466,5,3,23,705711.60272712
3369.6582754481697,3,3,35,583139.8157038416
1185.8016508799908,5,3,47,408065.15738692833
3430.1794076057536,4,1,32,599420.2543026845
1682.0964947491661,2,1,31,319949.17261409626
1260.206371941118,4,2,28,421885.98558287905
4795.542149013333,3,3,12,832157.0199671622
4862.528132298237,2,2,28,676615.2239677176
4233.589392465845,3,2,18,713787.430097634
2218.4550766934826,3,1,37,410283.3864848471
1390.6884560255355,4,1,29,413582.3220868491
3736.9321060486277,3,2,16,684021.1805589787
2760.6099749584055,4,3,23,613476.0441488399
1488.1529393791152,2,1,18,376511.2867958538
2980.707640445081,4,3,28,608828.4326018251
1137.5540844608736,2,3,23,367657.39255733526
4637.281608315128,4,2,47,679080.6541787504
2035.1199264000677,5,2,45,450050.11401762586
3650.089137415928,5,2,49,600713.8051396686
2246.8443043576435,3,2,26,469719.1378848636
3080.272084711243,4,1,39,526526.9691270553
3186.841117373119,4,1,18,647849.7320394082
1739.4178221021082,2,2,42,289445.3300132255
4878.338511058235,3,1,34,678615.2529745703
4100.531293444458,4,2,23,725013.5556236309
4757.995766256756,3,3,20,787872.249919665
4579.309401710596,5,3,44,748624.3835414221
3391.5999152443405,4,3,23,676942.6159910616
4687.496940092467,4,2,39,715517.9027306407
1353.970008207678,3,3,13,474930.19997489516
1783.9314496765808,4,1,13,530676.5938643976
1180.9091556421522,3,3,37,359825.43646720063
2301.3213230530573,4,3,17,618536.7428232091
2554.709158757928,2,3,11,547475.1035065168
2085.3961270955833,3,1,31,431836.93688835006
4314.950036607717,4,2,25,754608.9692056876
2427.0133067743573,5,1,38,511218.69778990955
2123.738038749523,4,2,39,465561.5803125009
3170.784332632994,5,2,21,717457.7524474249
1563.6968998990505,5,3,44,435144.24192746094
4208.787923016159,2,2,20,651703.7640914733
1298.2025747190833,3,1,30,359996.87214034336
4947.54774640207,4,1,30,767469.7277484634
4088.9790771866296,2,2,14,684412.6704710582
1794.8627261366896,4,3,29,497892.1647776739
1022.0884684944097,5,3,46,386115.8060587224
4261.845713819337,3,1,12,722919.850098823
3827.4293753904685,4,3,42,643216.1146052614
3916.028672163949,4,2,18,753298.7671406728
4085.081386743783,5,2,18,806214.231233698
1296.1786069363616,4,1,13,484183.0911954975
2433.8629141770907,4,2,44,448075.21639215184
1463.476238100519,5,1,26,491490.17137023027
4452.413703502374,2,2,43,575961.944767379
3493.1925073102316,5,1,33,653697.3405610301
2323.592099410597,2,3,41,398602.7435397647
1254.2334011440946,3,2,10,462082.56780461007
2243.929286862649,2,2,17,485038.9879452009
2300.733288106988,2,1,32,379876.6854237777
3918.4247133522563,3,1,49,516606.94982648327
3550.2298854208525,2,2,21,588279.4459630569
4548.850970305306,5,1,21,822138.17625094
2888.859700647797,2,2,24,505190.70077644615
1478.3769837532068,3,3,28,416522.97241860395
3852.97914889198,5,1,35,688558.3866036132
4043.14019446759,3,2,38,599946.3770743768
3245.108790277985,3,3,31,563445.1080204118
4083.868719818244,4,3,49,640882.7110238787
2975.182385457563,4,2,30,601332.7793326612
3090.9313175279763,3,1,47,431170.50480174145
2710.1640734341986,3,2,29,522913.4853958718
1101.6765069763808,3,3,38,325137.9029921246
1431.5657079732177,4,2,13,520791.4429506323
1125.716742746937,4,1,16,455513.91556482867
3545.6416450551214,2,3,37,527220.086502349
2257.4239243053066,2,2,37,372904.73577466665
3034.282764658811,3,1,13,601522.8659427186
4630.265895704372,5,3,31,808864.6704156247
1997.1689165955,5,1,21,556398.6695772456
2641.531692142519,4,3,12,663481.3863137583
4022.2045541721945,4,2,31,680062.8555261119
1915.1926619664898,4,1,11,563339.7868537751
1307.919639315172,3,3,33,390664.4254848765
2159.005811655072,5,1,43,465100.0487518068
1644.8851490160177,2,1,36,306882.5599069555
4718.790609370292,3,2,10,816875.9120400586
4232.481518257668,2,1,17,662968.1745349595
3533.615026041694,2,3,32,554121.0552833301
4485.84236075087,3,3,47,631011.0602586842
4214.688307596458,2,3,15,711291.3202864523
1746.2802355441434,5,3,31,517251.3993311413
4570.235993959911,2,2,34,635715.1600398838
3157.3689676626027,5,1,27,659609.8051389277
4229.7606206562505,5,2,26,775343.2010238393
4584.365199693973,5,1,21,823815.8983238734
2272.0138998874554,4,1,15,579034.6799168562
1440.207698110707,2,1,35,286927.6316152771
1911.7406501677667,3,2,36,411903.8454944368
2708.431154505025,3,1,17,579481.8403966961
4272.059063689972,2,2,28,619346.0460426473
4442.9223330253735,4,3,10,840481.7872709996
1027.8085221247627,4,3,38,375819.0381685251
3042.989210310263,5,1,44,561514.5460822877
2669.644012595116,2,2,49,359655.7375210639
1888.4312418829209,2,3,23,448375.7308215024
1479.4614693347312,3,2,44,304560.0889362407
2350.460685614512,2,2,29,436975.2547917673
4771.638815650076,4,1,22,781105.2733574187
2292.811728083021,2,3,47,371474.9518703751
3075.162486973464,3,1,17,612441.4022290276
3812.0758355807116,5,1,29,698541.0176802377
2454.518409517176,3,3,42,439956.2695926319
4887.128330883843,3,3,35,732308.7119581823
4849.789179768445,5,2,48,731107.6114789494
2007.1291833014566,3,3,30,460258.80615082325
2988.9940235695417,3,2,18,599153.2865623783
2203.5132392670785,2,2,33,376154.5923647313
2139.3619775098705,2,2,46,323797.82029004465
1147.5477894181313,5,3,26,487857.5012011714
3438.2573359195876,2,1,33,493894.5053679611
3010.716092915446,2,2,30,505507.9293262328
1205.9150049999573,3,1,48,238026.43155720315
2114.585856946446,4,1,48,399590.63756212435
4633.063543866615,2,3,22,710516.7250833433
1958.2475626678897,4,1,20,513027.1545818307
1579.5794883648923,2,1,28,345861.6677970063
2957.811041110252,2,3,20,559181.6170567141
4942.601816442402,5,2,22,879966.3116164354
1968.2210860460018,5,1,10,626503.9552099288
3688.5421896235143,5,3,49,630541.1351305182
4046.4784613148704,4,1,28,678525.4787864096
1950.5501759695985,3,1,21,449203.51233138185
3912.865394447438,2,2,17,638032.4341449543
2471.132530877013,2,1,17,511604.19734078855
3529.223322374318,2,3,21,620369.1280447997
3534.1188430435786,4,1,42,549901.1406422777
3143.098736299034,5,2,35,616085.2940624678
1361.1590802176333,3,2,48,290934.56863894826
4341.2099823569515,4,3,37,714593.6462094749
2283.120259886943,5,2,14,653800.864341868
1746.074041599417,4,1,17,507057.84622440476
1163.1005662190557,3,2,34,335055.5140218766
3363.5717727529673,5,3,36,669635.9725168904
3710.2574473691297,4,2,32,651884.6747998463
1066.3513157114246,3,2,39,279442.1278436671
3048.372233197124,2,2,32,482539.22701396036
1905.983100791752,3,3,29,447084.245736572
3580.6911616377993,2,2,27,564821.2303528651
1697.4657160199658,4,2,27,504599.16162803065
3763.7509524098637,5,1,11,795049.9118957295
2546.94138520215,5,3,13,696558.841658491
4746.919954946938,4,2,39,728910.0105144663
1550.0837765839728,5,3,42,459835.2565304894
2364.265404201034,5,2,45,505627.4853246218
1453.8940849623564,2,2,27,356457.9144283923
4698.774473114251,4,2,46,700442.8829597206
4509.357413523924,3,1,28,669626.8569991332
2031.7665108606225,2,1,37,342912.9718541768
3639.9361841367163,4,1,49,529729.8071138562
4268.888800804863,2,3,29,647444.0065439089
3220.8032463978493,3,3,42,512893.45952492394
3118.602313424026,3,1,21,572686.5632063517
1967.4091636018068,4,3,24,533790.0172178017
1372.4110712235968,3,2,48,296999.27431580675
4588.863031813307,2,2,11,753070.8476207549
4601.672228653322,3,2,38,647710.0491008683
3532.4058290930716,2,1,19,578789.9240193057
2356.1191641948026,2,3,11,533516.1178719884
2396.8382984506434,3,1,20,497098.78073831095
3903.8227154809574,4,3,22,738212.101043852
4588.441039810308,5,2,19,850759.2760964726
4548.345697060469,3,1,23,734101.7345695022
4119.502183430495,2,3,27,641279.8165966565
3568.126584617151,2,3,18,613036.4834541727
1336.5598599801954,3,2,48,278008.24595631013
1646.514856378455,4,1,37,409865.31859213946
4594.216754108316,4,1,12,840306.1031395309
3425.7162386383598,2,1,29,501711.79074145644
1036.7882064665187,2,2,15,349879.5767952614
1405.8861714641284,4,1,36,399298.26890013064
3654.007076432223,5,2,11,804296.8494169314
1020.2463353848748,3,2,38,293341.7062197238
1643.2322056699945,2,2,47,274669.5114282238
3194.9351574663447,2,3,12,593136.0383564656
3767.580790770773,4,1,25,671791.834143049
3607.8450380104023,3,1,39,539062.715529471
1897.0772378422391,4,2,49,393950.42517960217
3848.7168853901435,3,2,11,709732.729016089
1948.9963499872001,3,1,26,435756.5066127536
2301.598792637071,3,2,21,505905.63300311123
3985.9656204720964,2,1,44,501150.39960395277
3598.5315961888587,5,3,10,810899.6963952556
4396.893641976712,4,2,24,755608.355806069
3630.4515692013733,5,1,35,648087.0029722351
3273.2344133418865,4,2,46,543834.8037524252
1374.6990713123698,3,1,30,366054.4182978036
2470.863212237734,2,1,40,364740.11552419927
2060.809470726902,5,2,34,526463.3270222906
1975.9585735163344,2,3,32,383109.94320529804
4892.0422190097825,4,1,33,741207.4554209104
2572.3908986670417,2,1,47,341737.04369628674
4568.186220708453,2,1,37,618026.5529811451
3524.5545039890517,5,3,30,701335.7801411636
4179.2452141665935,3,3,27,707566.2938041837
3010.5483724207684,2,2,45,426023.42497673497
3307.6155385054362,3,3,44,523567.9178954451
2970.0707752754556,4,2,18,664593.282369497
1780.971951192178,2,2,47,286818.2498452864
3889.8084610460214,5,3,39,707872.4380612813
2123.089449763423,4,2,43,436777.7384461669
1097.2638657258153,4,3,41,376962.07539676776
3581.889183628671,5,2,12,799153.6107009759
1708.4427176281956,2,3,12,464587.49888785736
4761.8343374116575,2,3,37,637990.9617951781
4815.71430801035,4,2,24,799541.6244270783
4659.457560881794,2,1,32,617945.3704442029
2480.6348010217775,3,2,49,392428.2343560242
1061.8264661154697,5,3,20,528557.0279583883
4713.274250350902,3,1,41,631754.4084842223
2712.7365932692574,2,2,45,385845.42551381
4866.619276174679,4,2,42,717242.1549655519
4854.4799083570115,5,2,33,818932.299657754
4412.03782186944,2,1,48,498734.888847098
2177.7955682783427,2,3,43,356712.5538801813
2540.390914407701,4,2,37,511151.92836356483
4404.546686067428,4,2,46,662455.4581710114
2267.6880206251108,3,2,16,531849.7775874491
1677.9709867443698,5,2,13,574031.5716140183
3227.2050498334006,5,2,46,588917.6194430015
4744.619096643124,4,3,10,878108.2857760561
3784.119186699892,3,3,10,726515.2520790856
3280.24468035746,5,2,29,666781.0141386137
1388.705975083074,4,1,28,417025.34393174894
3460.028906796679,2,3,38,509955.4440342858
4960.215400417053,5,1,19,848965.8794707147
1560.336060946096,3,3,27,440004.2680634809
3073.318609454947,3,2,37,525080.6113582818
4509.492287711822,3,3,44,647464.4486845772
3963.074471016818,2,2,40,524930.5903974336
3788.062963981072,5,3,36,706791.381058632
3809.936335948437,5,2,20,770928.420442549
2437.964604879021,2,2,47,354784.4043835213
2174.3673770579735,5,2,14,644120.1425929782
4237.444621914055,2,2,17,671402.7242036206
4240.453578716722,2,1,43,529865.3134358078
4468.289274320415,2,2,21,686401.7314781939
4652.962210225885,3,1,47,614854.4442440562
3045.369595443751,5,1,10,731582.0249426223
3006.0651787487986,2,2,40,448497.08474863507
4193.180715867101,5,1,13,825156.3378660037
3599.855723111061,3,3,14,714090.1637631411
3807.8675090308134,2,2,39,529884.3788626763
4183.170677744404,4,1,33,664706.1886727047
4560.021367270265,3,2,12,800035.8364282784
2351.980627406143,4,2,20,582177.0954660046
2502.3318105597764,5,2,13,670802.7408446929
1375.927759363476,5,1,35,427797.8462623552
3313.1205639846958,3,3,36,564277.8118498772
1143.7690951869683,5,3,36,449008.75747137266
2862.3920725298403,4,1,15,633212.1299092962
3170.5785388303066,2,2,24,540170.9406174595
2146.1650085131378,2,1,39,356616.0745970776
3363.333042276043,2,1,46,437048.73574995314
1122.0009997561976,3,1,46,254106.45588827
1149.3927549968575,5,2,46,384352.3813073606
4290.402242638633,4,1,44,618714.9852285879
2440.762565645052,5,2,32,578055.5270639732
1508.242050607539,5,1,15,563917.2685580851
3088.9730402192176,5,3,13,751716.8450679979
4079.9742123944434,2,1,27,584521.0819532535
1863.2841099873726,4,1,18,509807.5221128066
3491.561903276001,4,3,38,608259.8599541762
1341.3898599750719,5,2,22,506291.36691623006
1206.7268846744307,2,2,26,326967.6074815428
3125.418526272592,2,1,41,413486.1824354728
3162.540486440426,4,3,31,621410.2319835386
3549.719605992826,2,2,13,638994.732337149
3904.3653348906464,2,1,14,631358.9716875955
4903.408317850139,2,3,46,635533.6710214316
3065.201393204781,3,2,22,591628.060205754
2291.8258917649837,5,2,43,514488.3950327389
4180.744779074815,4,3,31,716496.1323689601
2083.329005048297,4,3,32,516878.1527754959
2755.8856828225444,3,3,12,614669.2292783014
1313.8255253690638,5,3,43,435285.02754527156
1101.40297366183,4,1,41,326858.69076411834
4850.5936587117,2,3,30,700591.8780710179
4343.920482048823,4,2,30,712636.1021486338
3783.896824374792,2,2,20,609438.9840147132
2635.81177765708,3,1,48,399553.4599482418
1693.177280283383,2,2,13,434834.2479860963
1625.7481706843441,4,2,10,557206.8799894257
2000.9715926583813,4,3,37,461425.78120123566
3196.906658824482,4,2,33,603172.4080091149
3858.3836908002495,3,1,44,523513.13593233994
3640.789506870925,3,3,22,669601.9500638878
2119.7355877837713,5,3,43,513229.86811483715
4819.461122652776,4,1,20,794978.394080982
3951.587666783074,2,3,45,535979.0323491547
3217.416210045603,3,3,26,604346.0436378958
3446.8829849374088,4,1,44,539299.8799318135
2678.4002497111596,4,3,27,582754.4781303538
1990.9239580046299,3,1,49,304466.13888373715
2423.890714605046,5,1,31,560885.5719335015
4031.3844418574763,3,2,33,612490.4164721271
1057.5739545190236,3,2,28,356710.83744631545
1464.290562027665,2,3,46,273794.574041944
1184.010568087011,2,3,48,245192.4845630831
1162.9152092758804,5,1,30,433271.06593268935
4421.842336044028,4,3,17,813889.755740932
3814.6314375200946,3,1,37,573781.8507948923
2896.695316349301,5,1,14,693020.1119257712
1391.3366426040059,2,3,26,372295.22383222834
2966.463500467329,3,1,46,441339.0259448182
2893.887083122263,4,2,45,489032.9870801552
1692.8074796400606,2,3,28,396848.63476387586
2735.4065969518924,2,2,36,439665.3476353252
2594.018937589494,2,3,43,394235.0624731844
3463.400392208866,5,1,20,713899.2344841445
3540.374603470575,4,3,21,708644.3874707812
1181.2160390881781,3,2,30,356776.6360648005
2498.450458505885,5,1,20,623183.6455162738
3503.4396628569457,5,3,48,634657.6341040065
3012.545034320351,5,3,37,637072.1707087634
4425.959364753289,2,3,14,719473.7445410148
3634.77452647578,4,2,26,679698.1525506384
1651.7377083257188,5,2,29,523463.104027926
1282.2749896017194,3,3,21,437095.584167064
3569.6771128252626,4,1,15,712877.5155343859
1106.0452421664872,3,1,26,370727.22867365635
3343.1023250938533,4,2,28,644547.3279704552
4760.92096569983,3,1,35,673585.1825264003
3301.8967115035157,2,2,41,475640.55589119915
2552.679704826088,5,3,15,691716.8488135777
3573.1528737694125,3,2,45,522554.3178097907
2833.0115619660664,4,2,47,484787.01383946923
3182.46715726374,5,3,20,743880.849314695
4765.859235106101,5,1,42,728401.6368511901
2544.410551203097,4,2,33,544764.7323670909
4844.762255295656,3,2,32,719474.8667669694
4621.402567824255,2,3,24,688147.1950344061
1783.1645391571858,2,1,36,321992.9468456328
1277.4452035006618,3,2,20,396744.25527354993
1403.1120055097067,5,3,26,526566.2807192809
1072.887302606199,5,2,23,491141.0450905098
1377.7718430237137,5,3,36,461853.6247458508
3732.0270936654274,5,1,27,709438.1863260986
1284.754593840916,3,1,37,333017.0337215945
2275.902521175045,5,1,13,627532.7850748851
4379.501243877818,4,1,16,767361.0485172159
1093.0877429433035,5,2,44,394125.40831895627
4257.873930355743,2,2,18,695413.2649408823
2127.4190990935995,5,1,17,597778.8666278383
1472.6593104866251,3,1,26,397380.56140274607
3786.9486614566026,2,1,26,582109.6253009691
3515.771387119536,3,2,42,524152.2963865697
4509.888054108212,3,1,41,611135.7470571426
3940.284175215543,2,1,17,641337.1626531016
4213.923721539394,3,1,28,668242.5149410246
2128.138290285226,3,3,47,393442.63763026614
1709.7581751188914,5,1,12,572177.6739768686
4002.4590065634334,4,3,14,810116.5117733377
4227.338957069056,3,3,22,717424.186728786
4962.020568002694,3,1,40,662850.6789885549
2650.470707645706,3,3,25,553470.4491094669
2488.0723431711326,5,1,41,529348.838524261
4105.651842967987,4,2,31,704104.9440623209
2363.2141610120716,2,2,38,390470.07110482623
4723.029302414259,5,2,31,811935.8155426071
4433.651007372047,5,2,12,873800.2474236394
2715.976109500073,4,3,19,642179.0060951924
4003.4842711659894,4,1,30,645052.8263396559
4018.1714963387294,5,1,25,743851.075043175
1412.4954753437305,2,1,21,358662.7668835409
4610.211626718266,5,2,11,884511.0218356316
3021.0094897914287,4,2,33,580964.1821572584
4305.829864430967,2,1,44,528538.2742332355
2280.198404122447,4,2,39,490574.5973953996
4582.092913984801,2,1,39,598939.4886506286
2556.8067149366525,3,1,44,401022.6158024837
1043.3506059211934,4,1,28,382826.6834764524
4621.527905677054,4,1,17,796413.3149116215
1365.1467071445343,5,1,35,426998.0759528572
2277.2545503616593,4,1,49,404675.70487644715
4800.24786820322,4,1,16,812441.9661314462
4802.428587750224,3,2,39,663936.7054256472
3293.7515524931446,4,1,16,675602.2674883171
3527.348848679197,3,1,12,669030.1807101378
2793.782087913279,3,2,10,611335.051194728
2172.843086792258,3,2,45,391237.86298685183
2314.6581814796637,3,2,34,445150.0408563131
3690.0738243081537,2,1,46,461539.03481119516
4009.49811775072,5,3,10,869153.2519011965
4166.316174903394,2,3,24,656295.4918433023
4158.472571178216,4,2,46,630394.666239233
1364.8244121947614,2,3,22,381318.14478060044
2977.681218810326,2,2,49,390803.45604675164
1230.235040066577,4,1,17,455964.90969785437
3198.115529294942,4,3,14,702345.7694640917
2766.1220054935084,4,1,18,604844.458918193
4550.816731033199,2,3,10,749595.4901146825
2403.6600502083147,2,1,45,330454.4675494104
1468.2680657104233,4,3,44,383978.0516373457
1571.9667282113435,5,1,11,569634.8752961805
4046.042526869889,5,1,49,627189.2782282811
3472.872253265044,3,3,32,596669.5833279031
1404.490704491161,4,1,18,475243.4856299768
1336.4272244599897,3,1,43,297387.8931873242
3803.87652583648,5,1,23,728890.0003151653
1291.0520254567741,3,3,13,462073.193991786
4287.440237161425,4,3,39,683323.5795937115
3824.968908625985,4,1,40,597624.8616506492
1325.3951225675992,4,1,47,314020.29907859484
1339.3508563407677,2,3,20,386235.1249721022
4946.558314004702,3,3,44,671694.6647579713
2497.0831830244815,5,1,17,630147.1100277063
2482.5685882675634,5,1,12,660071.125027896
4251.19826903001,5,1,23,786070.1215613566
4788.994309535435,2,2,22,703325.2004224602
4944.004255291484,2,3,41,645270.4473077141
4013.5127410357663,4,2,43,617084.2910151035
2505.038342123663,5,3,28,620189.4425086185
1334.0028667946751,2,3,47,249916.00033755938
4108.587663709747,4,3,25,751590.0445033867
3233.61699894322,5,3,11,760503.034974981
2696.8880369879053,3,3,49,431092.50697426585
4625.417540378944,4,3,26,795552.8274298118
1444.7899292246054,2,3,43,291317.33808568557
2970.5004171634364,2,2,25,538980.3783561487
1045.4145790696762,4,1,47,293039.45815264666
2874.6425679765052,4,1,11,642423.7108292305
1225.2131027273495,2,2,11,406566.66780184425
1475.2716650722878,3,2,35,344764.7031725642
1470.1049871084197,5,2,22,526204.5012178743
3596.841208464254,3,2,40,541353.5602764179
3984.1795170616933,4,3,43,652571.854461771
3333.4750603886387,3,1,48,457852.1032929086
4848.690193898168,2,3,12,783701.3602318644
2499.482318094816,4,1,17,578592.6533954376
2142.848345127443,5,1,32,541673.3480312777
4474.396512757841,2,2,23,669227.223614605
1894.3833540778105,2,3,36,387763.9058425731
4852.890157762446,5,2,38,793430.5333974273
1048.6178987592655,5,3,48,379682.4571492804
4879.515306830556,3,1,48,621638.8621562308
1172.6396478023044,4,2,10,511201.9377623929
4564.572454792284,5,2,26,797180.5196857724
3110.8044363451995,5,1,39,583291.6096930123
4971.859184477202,4,1,22,815637.4981595633
1295.1862589415955,5,1,30,449029.6540594185
3215.417137605283,5,2,28,657489.8152924925
4877.210142476396,3,3,28,757196.9697418648
3092.3913766805954,2,2,34,496280.19283061445
3517.5945525410502,2,3,31,569228.3724094522
3782.9947559384686,2,2,40,517679.4355001866
2818.1642590710926,2,2,26,501330.91867769015
3510.232320336254,5,1,32,657358.1618299448
3337.257247692401,4,3,41,571687.0089009729
4604.632041963956,4,2,19,796218.5443151001
1181.7855213658315,3,2,19,428807.4398216651
2123.852758368921,3,1,45,354645.345018599
4801.645936306235,5,1,17,862730.7538368733
4561.055135563665,4,3,29,768107.1315936177
2822.6270111428516,4,2,41,536304.0670100152
3480.5303912061468,2,3,23,609312.6282742354
2109.524731924531,5,2,37,538140.2755269345
1752.4846388950452,5,3,33,518658.01178550406
2854.7936197599283,2,1,24,488435.60686346376
2413.4089121042116,5,2,31,561174.4657162133
3334.6244474034884,5,3,39,663231.7890015315
1310.9385478599393,3,1,13,424416.0592733146
4897.579230664665,4,1,22,801925.6787040929
4944.842977918412,5,3,32,833511.2725155128
3792.6468560789804,3,2,17,678376.0173405111
3144.3854653764815,4,2,27,611065.9222271512
2238.110465145311,2,1,21,432732.293907773
4255.180078827794,3,2,40,610126.7808512896
3738.924690215517,3,2,23,643409.7810723009
1650.4677573795652,4,2,43,398380.1148557596
4643.70873797537,2,1,27,638322.2458669118
4290.148971692675,3,3,43,626220.3114394062
4799.199653167696,5,2,20,882099.5568398252
3902.8780335534398,5,1,21,750155.83971021
3453.6607837431593,5,1,24,688186.88946684
2672.9721451624755,2,3,40,424991.96826444514
4730.913933416054,3,2,38,684888.6454252125
4464.255558001633,5,2,35,763366.6321096969
1180.8746804247576,2,3,27,337775.32509639976
1105.467897989008,5,3,41,420385.5563107811
2505.853467512198,4,1,31,504562.4252528556
4242.213323127331,3,1,47,566034.9274171627
4949.104517259778,3,3,26,778996.5248029954
1601.6675644141128,2,2,32,337088.6717300224
3376.5228614085404,2,1,33,484266.4281563817
2523.563426524086,3,1,17,528489.5334295741
4879.657591258412,5,2,15,908313.9324893003
4368.475692542835,5,1,14,849137.374279174
4353.314818844552,4,2,38,678958.4044141673
2874.772639179881,5,2,37,597061.130953503
2659.278009350661,2,2,20,485057.53074904537
2093.628287722825,2,3,10,513516.6514657105
1225.5019866037085,5,3,28,492239.6093316619
4458.889505020213,2,3,18,706792.1163322029
4251.60403652031,3,2,36,625795.339904135
4998.870693144522,3,2,43,668209.2737497634
4986.547348295621,5,3,13,946576.6621128259
3221.7268224105096,3,1,45,465299.3920569873
4075.949660722042,3,2,27,640212.6537389546
4779.0629195297115,4,1,24,756699.2904266205
4398.589562709645,4,1,22,743790.3044923928
1989.3924069727905,3,2,28,453516.10655781464
2802.176541240374,5,2,15,667742.605696785
1516.6376606059798,4,1,21,461666.46429908165
4816.204109034889,2,1,46,566357.9323383148
3424.69853780352,2,3,26,586353.2315624366
1914.5712220138507,2,3,32,387606.90408425644
3686.8027376234268,5,2,35,687510.1636097521
3472.512961831583,3,3,38,568663.8675840329
2432.650872131362,2,3,42,371959.42241506424
1454.230368798516,5,3,36,483105.109046169
3686.2927823711984,4,3,34,660783.2432916827
3081.230803615173,3,1,19,588205.7667582632
4089.2735669425574,4,2,32,728189.7337586189
3080.6540044479734,5,3,30,647224.2710498115
4408.726001274161,2,1,30,628119.5666250272
3207.627355097942,2,1,22,527888.2603157907
3243.751886141545,5,1,46,567248.4776581846
4506.6144106333795,2,3,42,600206.3186103256
2613.9314648495883,3,3,33,502150.7831509784
1536.060913802563,5,2,20,537907.7620978686
1115.130705253356,4,3,26,444808.1578810657
4020.549022694476,5,3,13,831883.1653027309
3481.238205413859,3,1,34,555629.6122166036
3816.319072396894,3,2,39,572469.963190837
1851.8566460356428,5,3,18,593884.9712131608
1545.485902347079,5,3,30,510048.4616547498
1058.1786626715277,2,1,29,293389.35843577853
2402.3502352263877,3,1,28,464881.67265247647
3359.6707474185323,5,3,28,709551.6109239494
2568.9761803989295,5,2,21,634588.0552827383
2749.899688094916,3,2,46,442569.1873087278
4616.634777974994,5,1,26,808518.5551854015
2393.021868093201,2,1,46,347788.2751422842
3055.957956639243,3,3,48,473840.15620893217
4134.6120509645725,2,1,37,555147.7531440363
2586.1711292850805,2,3,44,399597.7883238975
3488.346800911494,2,2,27,566793.3979097796
4449.45483498698,2,2,23,662757.1596226107
4798.082494630568,3,3,44,677258.3025918297
1588.2939237161518,2,1,16,396882.41941044835
4706.350500645978,2,2,22,699993.1682935128
2968.465172318153,5,1,27,632764.042076299
2032.9775531958335,3,2,46,365820.1592838501
2836.5430249530455,3,3,22,582492.0120640849
4920.130301141908,4,3,45,729160.161945896
2970.4723759714784,3,3,40,522828.41817276966
2315.0064411500325,3,2,11,576355.1409711555
3533.6034172669033,4,1,25,657051.8876516593
1960.5824751127723,3,1,18,471502.8522510385
1303.4533124346558,3,1,18,401452.92296118237
1515.5188876425968,3,2,47,316104.8943466372
1512.1833558310898,3,2,20,449978.8035084069
1607.6107740491775,4,2,31,460487.78416242753
1555.3086905976406,3,2,42,329491.0628000718
3563.4989792128586,3,2,45,519054.41136768233
1727.5203375965793,4,1,32,416357.1921344036
2382.669133295453,5,2,43,509342.20226893655
4587.153639624047,2,2,18,718681.0690681991
2895.8465610514895,5,1,33,589919.7023128669
3670.230954084109,4,2,17,728427.8933604191
1689.2794848065193,2,1,16,407022.9174206738
1769.1560752346832,4,1,45,375156.1778056839
1163.4744650659154,4,3,27,429870.53260843485
1675.7402522886582,3,3,12,518426.11972520483
2114.3613561278344,2,3,37,356524.77590377623
1708.0419371069872,3,3,15,503935.2321290789
1354.8101350282225,2,2,30,309176.28106567083
1482.5434844024032,4,3,37,435314.2936057085
2843.115072130903,4,1,49,467085.5807407354
1825.33487362317,5,2,10,627200.1971819778
2457.0794441923017,2,3,45,395918.0066908239
3013.669083419428,3,1,30,511877.74313369446
3761.579314517461,5,2,44,663631.5634309017
1157.2485593643958,5,2,22,505046.7715790434
4197.641595636171,5,3,19,832398.6066914276
3511.601557963631,3,2,19,657516.3572681925
1327.0361277954876,5,1,22,481640.6776554324
4494.314496427109,3,2,46,601186.3080274342
4683.4896021272525,5,1,47,697263.0629803282
1244.311839419455,3,2,33,344141.40686130535
2107.5105925888147,4,3,11,605185.4828312789
4224.805119172245,4,1,31,699711.3425881778
3993.0387615346335,4,2,26,706715.3321497651
1738.0840774255093,4,2,45,392333.4574261197
1837.3972933468413,4,2,23,503036.2156705473
2481.888411165528,5,1,19,604982.8081110676
2938.0919407640854,5,1,44,546509.7676603227
3473.019086121184,5,1,34,628179.3588579206
2475.6545582790895,3,3,12,596879.1153670542
2850.1388645325915,3,3,47,446330.736064931
3989.8837525350264,3,1,26,658861.1352458107
1146.7328115623916,3,2,21,408786.9083779864
2009.747777376083,4,3,33,497032.3156503231
3853.3983435382097,4,1,38,627976.9011303675
4580.8273507487975,4,2,34,719619.5753002224
3046.709768462664,2,3,45,445105.77063296735
3128.4539410612624,5,2,35,629843.4984433133
1428.6880453591043,3,2,47,300509.0053492472
2789.649467293819,3,2,10,631688.4817304495
3130.4690658200925,4,2,29,615371.8276098073
1969.8820145389186,3,3,37,424875.43808214203
2076.972923797524,3,3,25,476148.4180174694
2509.1366524184905,5,3,26,621313.2022890544
1080.2847911109054,4,1,49,281801.3897751333
2288.3166623327133,5,3,37,554765.3899760379
1845.7920279861787,2,2,21,408277.1655518786
2309.9894087116586,2,3,36,435115.70762695005
1479.0485272770047,2,2,39,308068.7932802362
4562.10912295958,4,1,43,667232.0954998828
3374.3698142161948,3,2,46,498157.3500344569
3716.4092765779583,4,2,15,734518.8379587843
4156.684954429353,4,2,16,766149.3108427129
2993.768795716229,3,1,41,465151.68475681153
1347.6811523496947,5,3,41,442345.64063639694
3148.426167274191,2,3,34,492425.0109726028
3347.3644720835164,5,1,42,598078.2113808007
3981.75789673732,2,2,16,656623.1991854846
2726.6381849187173,4,3,21,608585.7429130978
1510.321211182255,2,1,25,337428.2710104305
2135.103623194898,4,3,25,544374.3069852734
2452.3291855945404,5,1,45,509109.79513285594
3583.6689653264048,4,2,22,693932.4277779781
3283.1132186756477,5,3,16,744956.5061765658
2424.386903591385,3,1,45,392299.0532533148
4946.060995171919,3,3,18,799133.0596278082
3423.0992774275487,3,3,41,558136.8382816255
1948.907166943978,4,3,20,550179.470176219
1407.129890481615,3,3,17,464776.6271607698
1611.4365567373281,2,1,42,284401.6221491547
1983.8309135380325,5,2,32,515511.4556679608
1642.7254930382228,5,1,34,450301.3674526923
1746.2680962052232,2,1,17,403790.81635706226
2140.3806747753883,4,1,31,489421.855987732
1693.4943811790195,4,2,13,529155.9773631335
4587.0616985057,5,3,49,695384.6138694644
1320.9349826465689,3,3,12,477581.90968056687
3098.0455582810187,4,3,38,585321.9638272112
2641.5873079586463,4,2,38,526161.348293253
4929.514467634426,2,3,43,633319.8331425886
1448.1556086722094,2,2,43,265701.29479606095
2591.4223961829666,3,3,37,495681.2469608542
4877.881733101475,4,3,22,819090.7563131934
4462.028503575921,4,1,24,742317.642605762
4268.288283797119,2,2,32,608733.0672789626
2031.6113081797594,4,1,35,452653.3180308263
1683.5503495602634,5,1,13,568256.9680241175
3674.572879697724,2,1,35,512801.6980868309
4717.503956510343,3,2,49,591867.1221169045
3227.051572055719,2,2,18,566122.6730822334
3286.450757879599,4,3,14,723180.1629135045
2119.916374641137,3,1,41,367168.69712156686
4077.9717327677477,2,3,29,623387.0154926708
1748.1749942300935,5,1,20,549286.2244310363
2294.716945616975,5,2,24,596046.2025531199
2701.7457544656672,2,2,41,406879.2131565325
3030.4415147378204,5,2,37,598416.8258209359
1969.638929660321,5,1,31,509897.7801690717
1459.347298956814,5,2,26,512036.8915915736
3442.4801697665303,3,1,35,540817.7465863373
2154.522212961023,5,3,16,639586.908600463
3324.952885690449,5,1,35,629737.4526119528
1617.4508610968091,5,3,34,508891.1840160471
2924.5604074192697,3,1,19,546956.6279561522
3130.3577302063436,2,3,28,544626.5136701934
1207.2941472897076,4,2,20,457366.86734216
2346.4171127756827,5,3,22,638896.6106099705
1537.658707755897,2,2,17,420738.340012042
1253.499881891071,5,2,49,356633.2512168024
4959.840929559781,3,3,13,833889.6829317027
2289.415379898892,2,1,40,346056.0510311321
4239.497783418539,3,1,37,601112.2431306097
2018.5626190550554,5,1,20,589205.6276638736
3726.010888895717,5,1,10,784033.3679513038
4040.911439558746,3,1,47,533535.676161006
3382.554962431377,4,2,33,615299.3865591674
2886.3047542006334,3,1,40,446608.9801593025
2647.363656589074,5,2,35,575779.5585413448
2395.4730661719814,3,2,14,562721.8392296999
4718.116576991303,4,2,29,763483.0536553052
4322.477631150917,3,3,20,741313.8945260922
4860.10764266605,4,3,42,730717.4431421213
1497.188893942179,4,2,47,339574.1863024102
3923.469900814577,3,3,36,625562.92219485
4753.361827284151,3,1,43,647885.5134448876
1724.9322646626406,2,1,24,372677.2427740984
1265.98506946711,5,2,41,413851.14811918646
3964.4825971602363,4,1,30,673375.4872671923
3297.8924527196477,2,2,14,587095.9403064977
4367.315107033088,3,2,15,768756.6572846049
1559.089506505158,5,1,47,392932.23861474375
4181.069247439561,2,3,31,639425.4937348472
1806.5092801909782,4,1,27,458320.5980638579
1654.623771462818,2,1,23,388642.99637186003
1657.0631917239716,4,2,19,518457.874112745
4258.2988809255285,3,2,22,711360.2889510763
3660.7888827848005,5,2,40,658419.1328220115
3092.2616990764773,5,2,39,601740.8837269031
2435.32193649401,5,3,12,705537.5102341396
4508.802163252433,3,3,39,667283.8150237239
2569.7804296905415,4,3,15,622307.3459331825
4266.397757886309,3,2,38,615467.9111715608
2756.5396342808735,5,2,17,678795.5059061599
2507.7777176996306,3,2,42,433877.76160161867
2850.7191426784257,3,3,26,564506.0293788436
2205.5114966565684,3,2,20,522740.8575635935
3990.4375207050043,4,1,22,689532.7334301142
3010.8815603699168,2,1,20,522524.03540204326
1928.8507805872691,2,2,40,314705.2858048553
4598.298293098274,3,1,37,652426.9522646691
2535.564885492846,2,1,15,497611.9014048646
3174.2114444559543,2,3,25,556617.2441658366
4625.888443858188,3,2,13,778950.0147799212
3496.9519836559684,3,2,44,532489.8476821743
1467.5921628334563,5,3,35,492176.4629239341
4759.328494453901,2,1,21,696768.2924755089
3510.8322122856716,4,1,20,669788.0487599327
2339.6224586283442,3,2,46,399760.8187157857
1557.088290653549,5,1,34,448639.9033854814
4176.1007570811835,4,3,27,751165.6322983254
3480.291023714054,2,3,28,584523.9113146445
3133.844367905286,5,2,32,654090.5423903205
4575.570332203831,3,3,47,625261.008522309
4154.388844898123,4,3,27,744053.0576625434
1606.6995189310046,3,2,35,362738.536455514
2246.888271182193,2,3,15,515412.7302299761
1993.9565592578629,4,3,13,598901.6900544118
3975.785170290708,2,3,38,548880.3536337491
1134.1297389431174,2,1,43,206795.1354551881
3279.558739485266,5,2,26,685124.4849810889
4049.834742962762,3,2,25,666974.8768248679
4507.062547046998,4,2,11,823611.4853505119
2368.32699486363,2,1,43,345722.48677988484
4285.0292186880515,2,1,17,666017.6579582102
1442.5269478208288,4,2,22,472310.0034622977
4385.809166938073,2,1,17,666023.0016922237
1509.9546493279297,5,2,39,456482.53619695856
2589.149162241469,5,1,41,540468.9873550299
4189.181463118215,5,3,45,699082.5314733562
1599.6697093950952,5,3,39,468845.30176796135
1917.0055809305659,2,2,10,486612.6347471765
3889.0102735722653,4,1,48,565320.7335597567
3880.1461461842973,4,1,26,676620.6426117973
3564.590531541189,4,3,29,678855.5846713657
3775.7937778684,4,3,33,653485.8169117671
3170.897773390385,3,1,31,545272.8005875652
2007.196235627811,4,1,38,431446.42880607455
2382.783974015678,3,1,31,449163.46595594595
1726.3908672057028,3,1,18,451746.7451783557
4633.802245334513,5,1,46,703004.5180836564
3333.567179064482,3,1,19,591044.7048719989
2603.4056670545597,2,2,45,390289.94897998834
2848.023214576531,3,1,46,425215.57778035925
4789.133358447261,5,3,37,808343.3571491998
1613.4056124643207,3,2,37,375856.0589521726
3344.919328067189,2,1,30,494280.30823111587
3023.554715537864,2,3,33,502090.1905441387
3445.816941738591,2,2,49,436905.2832648713
1072.440735283362,5,3,11,570711.781280501
4488.495635776606,5,1,17,812577.2893741457
4728.473129934449,4,1,36,711856.3699910323
3260.5327343568356,5,1,31,635025.0668778439
3786.603295507569,2,1,46,472982.9590570984
4689.9975247091825,2,2,36,633700.1943446002
3828.9545372535945,5,2,38,675819.1947771391
1610.1561716570454,3,3,12,503893.87852394406
3305.1534406672527,5,1,22,689408.6903811521
3426.8601855314237,5,3,19,748719.5962799904
2696.522685209544,2,2,45,393072.10547547566
3945.7769424988915,4,1,18,720885.6222454146
4737.46805907606,2,1,36,584676.9237143896
4702.274051627105,4,2,43,691479.1845964924
2803.3574856165287,2,2,10,559950.3103532131
1452.952183363021,5,2,41,413982.4601816926
4939.364795849338,2,2,34,651562.2132027082
4355.592345783736,2,2,38,586653.3192967033
1498.6507248130674,2,1,16,403151.48076378903
4683.36753046949,5,2,12,901468.5977855987
4479.585448248514,5,1,29,766893.510942694
3075.3522285042886,5,1,29,637094.2648021359
3365.101742979717,5,2,39,626919.2711957818
2596.010815480521,4,2,44,472655.0778564207
1219.0465552881253,4,1,44,310361.0288464827
2340.7889665836037,3,2,48,366560.60859084316
4211.413794392046,5,2,36,727242.1423736102
1018.5280920184115,4,2,35,368433.3441010424
2333.9966867645767,2,3,23,477433.4319763087
2592.6747743637734,5,1,26,595107.8081569037
3149.5824117516913,3,3,27,580500.7805682013
4679.422465651041,3,2,38,674024.7084819538
2385.383977463845,3,3,29,490367.07854691864
2387.812807584911,2,2,36,406541.55989692576
3950.0049924389937,4,3,27,709978.3290546321
2808.8717635592284,2,2,13,548362.8239823924
1898.419291759928,5,3,10,635174.077269836
2809.7580645307735,3,3,10,635961.784984221
1563.4280815191994,2,3,35,351095.93273669976
1705.5479460248932,2,1,29,350711.0754869289
2993.471090957919,4,3,32,609131.3302160722
2675.7017980181918,4,1,19,597791.6052611585
4659.3836042724,3,2,20,744901.6621419362
2449.5755964665323,2,3,14,531649.6674033777
3322.3534011121737,2,2,10,614433.3488200427
3529.0571516781215,4,2,26,676211.4642082024
1052.3778263533345,2,3,31,298269.89617107034
3654.1494880668424,2,1,43,479351.92570057535
1712.1438674790056,2,3,38,350143.92544898833
4844.281269877821,4,2,13,877724.3290049429
1594.6509110124518,3,2,14,475368.22517495026
2658.496494908095,5,3,20,682972.8710866112
1341.3986723145754,3,1,30,376956.385596846
4987.497007383789,5,1,44,742573.283969042
3008.7800413249706,2,2,21,520527.60165717354
3381.540069280175,3,2,35,534353.9065889398
1268.3059095537099,5,1,28,463957.71124398435
3999.841881596711,4,3,16,761152.6860790853
1839.6223723823432,4,2,16,540239.0467088552
4592.217157762855,3,1,35,658594.8476466751
1820.5585619280287,3,2,49,328907.61156110204
1762.7508826546664,2,3,14,470529.5369073083
1146.1986713923795,3,1,30,336842.7656972465
2888.2677804399973,2,2,23,526615.4361771337
3259.3645330504655,2,3,13,611413.2894976586
1262.8345577134096,4,2,32,399513.5043867557
4102.110466780043,4,3,29,717484.4522252961
2813.1553389921105,5,3,24,679617.4520178372
3097.5610773103203,4,1,38,548760.0936149826
2763.0509877529125,4,3,17,655817.3519684763
2603.052243501304,3,2,28,522140.1610190297
3238.5613252328717,4,3,48,532075.7238495232
1620.96098372285,5,3,37,503768.3394877964
1727.7125219810846,3,1,36,378003.6384152311
4447.142484054069,5,3,13,897070.4683778645
4784.461848534531,4,3,24,836264.1739411637
2493.2372651190117,5,2,44,502757.4944351234
2082.978692574215,3,1,46,343053.3878947949
3575.998172956063,2,1,10,620246.7826887867
2634.9366843923854,5,1,12,680708.461676812
1101.5454226413794,5,3,33,444653.1348681164
1624.6103894647613,3,1,36,360035.9904398509
3863.8889153895902,3,3,49,565094.2529789262
3635.6957676406055,5,3,45,655521.6057649006
1108.383970013934,4,2,43,338675.9072380084
1887.8886477317978,5,2,38,478910.13136417227
1924.2991863522857,3,2,33,408961.4089739749
3687.5709743949137,2,2,33,556253.2864924581
1078.8421510174567,2,2,13,390677.705140799
1416.4343279382954,4,3,12,541253.2376000541
4199.664341492758,5,3,43,710787.3386916169
1714.1786482173345,2,1,32,311159.7860906197
3610.984431407499,5,3,32,700389.9189539055
1952.731124186906,3,3,14,554387.3032900878
1397.7655710373806,2,2,40,266972.0013937134
1972.6887639978163,4,3,15,584163.6746119924
3889.067727422637,3,2,46,558981.2124742158
4422.785872425143,4,1,19,754729.3605624915
4320.879458267967,3,1,49,558935.0505746074
2588.7341184738193,2,3,16,548252.5672224886
3672.3405462825845,4,1,48,547359.0478473309
1819.9371816632838,4,3,47,435677.7487229961
2172.590921044053,3,1,30,420573.09951562335
4585.343274084479,4,2,29,764121.6127072866
1052.0076940429442,3,2,12,433472.7520303298
1342.0341234178723,3,2,31,376922.613890154
1831.5450205841094,3,2,13,512567.57357540337
1106.1288154952788,3,3,37,328281.3195784279
1725.7417403591894,2,1,21,389864.1379605123
3332.166243878769,3,3,47,489637.60987389396
2685.698202369992,5,2,45,539602.2952427132
4570.686844307899,4,3,14,850050.2690906952
4269.774246953763,5,1,22,793364.0263818073
2367.2694067915036,2,3,32,447308.1239300219
2037.69373372517,5,1,39,482445.57177461416
2518.7696326690675,4,3,46,483357.85746488953
3361.179770059231,5,1,34,627307.2936393103
2072.2545632915053,2,1,36,340103.24869266007
3496.595631396536,3,2,23,636526.9093414269
2637.6466087649615,5,1,45,523128.014933556
3208.188723407921,2,2,48,418437.7679776715
2744.5061165412667,2,2,25,489910.63912665943
2177.8630381676708,4,2,31,493740.1600668294
4793.813227848626,4,3,30,801108.8912375371
4054.4231766390435,5,3,30,772096.4859008221
1560.45270306581,3,3,17,500457.4446712184
4473.871903591651,2,3,25,673603.9595873677
2949.7247929980545,5,1,40,561192.4003096232
4578.208907576365,2,1,19,685135.3499828923
4199.42102378926,2,3,41,581406.9977561837
2700.8540178769335,3,1,43,422928.7254122171
1089.8772332804697,3,1,18,380258.11242350994
2074.7094375397846,5,2,26,576285.0190432142
3166.536858643468,3,2,20,613865.0394898027
3533.9128793045893,3,2,41,529228.5469248217
2031.5507417328092,5,2,19,611709.502184336
1557.4242962912965,3,1,31,382444.4167210956
4339.720947197196,4,3,26,765315.0596921975
4937.608722814209,2,1,13,749556.8509051813
3102.760729210743,2,1,34,465816.6506322334
1686.717143393214,2,1,30,330054.68363675877
2089.2293060774755,2,2,46,319223.24539938837
1073.562706189867,5,2,47,340832.43517289485
4657.195226241996,2,2,10,764484.079079229
1471.0043315605644,2,3,34,321485.5009316378
3306.0659020570142,2,1,45,440640.7884899914
2096.220882748824,2,3,26,436320.8873352179
3216.7120100631737,4,2,33,594554.5311870056
3605.6815534074567,2,3,11,659290.8162799006
4318.967214828806,4,1,49,604016.3327436598
1825.6850870424128,5,1,24,546753.8221557216
1043.983314633922,3,2,41,264520.24489804136
1547.542520275229,2,2,48,267523.90588840476
4600.07456739242,3,3,15,798387.691550259
4495.560310250061,3,2,10,777485.814546434
3389.6524086812333,5,2,32,658212.1169376309
3402.0674417346136,3,1,48,486970.6744455434
3660.1466981850217,4,2,26,666559.6010190748
1701.4851144937984,3,2,43,333615.00634342025
4657.647783699839,3,1,38,657137.9237936311
2675.0820995682925,3,1,18,550893.7387196884
2532.55411299799,2,3,22,493876.155534435
3075.6708211313503,2,2,15,574733.3318671812
1187.8638671002202,4,1,15,453528.8598736192
1665.1334750243177,4,3,29,492521.5614866579
3952.134465705482,2,3,12,705827.1562192795
1331.1946717005058,4,2,26,448439.52915827004
3412.608437865553,2,2,21,579877.4543990255
1981.3964387252838,5,3,10,675751.5251212021
2557.182456167906,3,1,26,495715.10889067285
2154.7749470827994,3,3,12,553658.7534540719
2422.6908658597968,4,2,35,511763.8257143028
3876.183620736982,2,1,24,608478.8325690693
2188.4868624927003,2,1,45,303701.09131741157
3265.618561187589,4,3,41,577947.228451819
2904.2016087963984,2,2,41,429584.6212606544
3654.6846614505926,5,3,13,809929.417655002
4747.318957299032,3,3,27,739908.8599261302
3930.288388841001,4,3,28,724247.4174464048
1859.761514363027,4,1,44,409176.5586564753
1124.7325402451388,2,1,49,189434.56861475296
2049.0561771993002,4,2,23,520864.93482257
3380.311722801019,5,2,42,602541.5670295672
1205.7032539370014,2,3,23,368150.08520591195
2985.4649888049453,2,3,43,454585.2723136571
3387.371395667557,2,3,13,638488.8170317095
2336.9755632678434,2,2,33,408673.51791759575
4083.6488149832876,5,1,38,682472.1649804357
1426.393012535087,2,1,28,311717.6649263278
1300.551126943235,4,3,15,523402.62595757237
3912.7550248144134,5,3,42,700413.2186952973
2981.965264824794,3,3,49,447739.2286155721
3753.609585710944,3,3,28,661259.3483529012
2739.309354414985,4,2,10,669671.6476504386
1985.6081329564272,4,1,14,562556.7597471006
4276.409270696799,5,3,36,744219.6495848286
4197.663515875916,3,2,25,671108.1100334373
3778.785883417707,3,3,15,711388.8952440977
2088.580548919851,3,3,49,378885.89916093706
3360.9226674763486,3,1,22,614055.8749769045
2443.8955877601074,3,3,44,441450.3479141621
1366.3282933065366,2,1,28,314206.01656253333
4669.2543018489705,4,1,21,771661.7381082381
1547.2745236758456,2,1,25,362027.4580947761
4800.94941528321,3,2,19,765447.8872708138
2784.023091831823,5,2,34,614686.9947309055
